Ship 1;Ship 2;Ship 3;Ship 4;Ship 5;Conteiners number:
27.93651,0.0,0.0,0.0,0.0,100
31.489622,0.0,0.0,0.0,0.0,100
30.01221,0.0,0.0,0.0,0.0,100
33.052505,0.0,0.0,0.0,0.0,100
27.93651,0.0,0.0,0.0,0.0,100
31.489622,0.0,0.0,0.0,0.0,100
30.01221,0.0,0.0,0.0,0.0,100
33.052505,0.0,0.0,0.0,0.0,100
31.684982,0.0,0.0,0.0,0.0,100
30.915752,0.0,0.0,0.0,0.0,100
29.7558,0.0,0.0,0.0,0.0,100
33.760685,0.0,0.0,0.0,0.0,100
29.46276,0.0,0.0,0.0,0.0,100
